{"X":[-1.9615705608064609,-1.6629392246050905,-1.1111404660392046,-0.39018064403225666,0.39018064403225639,1.1111404660392039,1.6629392246050907],"Y":[-10.057181088429367,-6.5183644357396178,-2.6462210047733832,-1.0712817592690782,-0.92871824073092191,0.64622100477338051,4.5183644357396204],"InterpolationValues":[-10.6,-7.9984000000000011,-5.9152000000000005,-4.2927999999999997,-3.0735999999999999,-2.2000000000000006,-1.614399999999999,-1.2592000000000003,-1.0768000000000009,-1.0096000000000012,-1.0000000000000036,-0.99040000000000639,-0.92320000000001023,-0.74080000000000723,-0.3856000000000126,0.19999999999997797,1.0735999999999635,2.2927999999999571,3.9151999999999489,5.9983999999999469,8.5999999999999091],"XForDrawing":[-2,-1.8,-1.6000000000000001,-1.3999999999999999,-1.2,-1,-0.79999999999999982,-0.59999999999999987,-0.39999999999999991,-0.19999999999999996,0,0.20000000000000018,0.40000000000000036,0.60000000000000009,0.80000000000000027,1,1.2000000000000002,1.4000000000000004,1.6000000000000001,1.8000000000000003,2]}