{"X":[1.11418070123307,1.9259748514523651,3.0740251485476344,3.88581929876693],"Y":[0.2162386754319772,1.3108645117863187,2.2459756522658365,2.7146676985988365],"InterpolationValues":[0.2162386754319772,0.80843188242379693,1.3108645117863187,1.8681806596553758,2.2459756522658365,2.4047664514994676,2.4737966731038012],"XForDrawing":[1.11418070123307,1.5200777763427176,1.9259748514523651,2.5,3.0740251485476344,3.4799222236572822,3.88581929876693]}