{"X":[0.025072087818176381,0.2181685175319702,0.56611626088244182,0.99999999999999989,1.4338837391175581,1.7818314824680295,1.9749279121818237],"Y":[-0.049515566048790413,-0.38873953302184283,-0.81174490092936669,-1,-0.81174490092936669,-0.38873953302184328,-0.049515566048790038],"InterpolationValues":[-0.049515566048790413,-0.22844910732737014,-0.38873953302184283,-0.63050912500127609,-0.81174490092936669,-0.95293622523234167,-0.99999999999999989,-0.95293622523234167,-0.81174490092936635,-0.6305091250012762,-0.388739533021843,-0.22844910732737053,-0.049515566048791114],"XForDrawing":[0.025072087818176381,0.12162030267507329,0.2181685175319702,0.39214238920720601,0.56611626088244182,0.78305813044122086,0.99999999999999989,1.216941869558779,1.4338837391175581,1.6078576107927938,1.7818314824680295,1.8783796973249265,1.9749279121818237]}